{
  "project_info": {
    "project_number": "1087537977575",
    "project_id": "firebase-phonecooler"
  },
  "client": [
    {
      "client_info": {
        "mobilesdk_app_id": "1:1087537977575:android:83b7d3bfbcade63d",
        "android_client_info": {
          "package_name": "com.company.phonecooler"
        }
      },
      "oauth_client": [
        {
          "client_id": "1087537977575-tp8t46ulpn8itnkofdqapbkl8deg2eao.apps.googleusercontent.com",
          "client_type": 1,
          "android_info": {
            "package_name": "com.company.phonecooler",
            "certificate_hash": "d51c5b9deab8f54c902cc80369a990735fd64df8"
          }
        },
        {
          "client_id": "1087537977575-p2a9o85cfr6mhjefg9cb7reapad2pdag.apps.googleusercontent.com",
          "client_type": 3
        }
      ],
      "api_key": [
        {
          "current_key": "AIzaSyCsO3z-KwV-lWZwIW1gx5p8CB5sCwkLFj8"
        }
      ],
      "services": {
        "analytics_service": {
          "status": 1
        },
        "appinvite_service": {
          "status": 1,
          "other_platform_oauth_client": []
        },
        "ads_service": {
          "status": 1
        }
      }
    }
  ],
  "configuration_version": "1"
}